id,username,firstName,lastName,email,password,phone,userStatus
0,user0,FirstName0,LastName0,user0@example.com,pass0,123-456-780,0
1,user1,FirstName1,LastName1,user1@example.com,pass1,123-456-781,1
2,user2,FirstName2,LastName2,user2@example.com,pass2,123-456-782,2
3,user3,FirstName3,LastName3,user3@example.com,pass3,123-456-783,3
4,user4,FirstName4,LastName4,user4@example.com,pass4,123-456-784,4
5,user5,FirstName5,LastName5,user5@example.com,pass5,123-456-785,0
6,user6,FirstName6,LastName6,user6@example.com,pass6,123-456-786,1
7,user7,FirstName7,LastName7,user7@example.com,pass7,123-456-787,2
8,user8,FirstName8,LastName8,user8@example.com,pass8,123-456-788,3
9,user9,FirstName9,LastName9,user9@example.com,pass9,123-456-789,4
10,user10,FirstName10,LastName10,user10@example.com,pass10,123-456-780,0
11,user11,FirstName11,LastName11,user11@example.com,pass11,123-456-781,1
12,user12,FirstName12,LastName12,user12@example.com,pass12,123-456-782,2
13,user13,FirstName13,LastName13,user13@example.com,pass13,123-456-783,3
14,user14,FirstName14,LastName14,user14@example.com,pass14,123-456-784,4
15,user15,FirstName15,LastName15,user15@example.com,pass15,123-456-785,0
16,user16,FirstName16,LastName16,user16@example.com,pass16,123-456-786,1
17,user17,FirstName17,LastName17,user17@example.com,pass17,123-456-787,2
18,user18,FirstName18,LastName18,user18@example.com,pass18,123-456-788,3
19,user19,FirstName19,LastName19,user19@example.com,pass19,123-456-789,4
20,user20,FirstName20,LastName20,user20@example.com,pass20,123-456-780,0
21,user21,FirstName21,LastName21,user21@example.com,pass21,123-456-781,1
22,user22,FirstName22,LastName22,user22@example.com,pass22,123-456-782,2
23,user23,FirstName23,LastName23,user23@example.com,pass23,123-456-783,3
24,user24,FirstName24,LastName24,user24@example.com,pass24,123-456-784,4
25,user25,FirstName25,LastName25,user25@example.com,pass25,123-456-785,0
26,user26,FirstName26,LastName26,user26@example.com,pass26,123-456-786,1
27,user27,FirstName27,LastName27,user27@example.com,pass27,123-456-787,2
28,user28,FirstName28,LastName28,user28@example.com,pass28,123-456-788,3
29,user29,FirstName29,LastName29,user29@example.com,pass29,123-456-789,4
30,user30,FirstName30,LastName30,user30@example.com,pass30,123-456-780,0
31,user31,FirstName31,LastName31,user31@example.com,pass31,123-456-781,1
32,user32,FirstName32,LastName32,user32@example.com,pass32,123-456-782,2
33,user33,FirstName33,LastName33,user33@example.com,pass33,123-456-783,3
34,user34,FirstName34,LastName34,user34@example.com,pass34,123-456-784,4
35,user35,FirstName35,LastName35,user35@example.com,pass35,123-456-785,0
36,user36,FirstName36,LastName36,user36@example.com,pass36,123-456-786,1
37,user37,FirstName37,LastName37,user37@example.com,pass37,123-456-787,2
38,user38,FirstName38,LastName38,user38@example.com,pass38,123-456-788,3
39,user39,FirstName39,LastName39,user39@example.com,pass39,123-456-789,4
40,user40,FirstName40,LastName40,user40@example.com,pass40,123-456-780,0
41,user41,FirstName41,LastName41,user41@example.com,pass41,123-456-781,1
42,user42,FirstName42,LastName42,user42@example.com,pass42,123-456-782,2
43,user43,FirstName43,LastName43,user43@example.com,pass43,123-456-783,3
44,user44,FirstName44,LastName44,user44@example.com,pass44,123-456-784,4
45,user45,FirstName45,LastName45,user45@example.com,pass45,123-456-785,0
46,user46,FirstName46,LastName46,user46@example.com,pass46,123-456-786,1
47,user47,FirstName47,LastName47,user47@example.com,pass47,123-456-787,2
48,user48,FirstName48,LastName48,user48@example.com,pass48,123-456-788,3
49,user49,FirstName49,LastName49,user49@example.com,pass49,123-456-789,4
50,user50,FirstName50,LastName50,user50@example.com,pass50,123-456-780,0
51,user51,FirstName51,LastName51,user51@example.com,pass51,123-456-781,1
52,user52,FirstName52,LastName52,user52@example.com,pass52,123-456-782,2
53,user53,FirstName53,LastName53,user53@example.com,pass53,123-456-783,3
54,user54,FirstName54,LastName54,user54@example.com,pass54,123-456-784,4
55,user55,FirstName55,LastName55,user55@example.com,pass55,123-456-785,0
56,user56,FirstName56,LastName56,user56@example.com,pass56,123-456-786,1
57,user57,FirstName57,LastName57,user57@example.com,pass57,123-456-787,2
58,user58,FirstName58,LastName58,user58@example.com,pass58,123-456-788,3
59,user59,FirstName59,LastName59,user59@example.com,pass59,123-456-789,4
60,user60,FirstName60,LastName60,user60@example.com,pass60,123-456-780,0
61,user61,FirstName61,LastName61,user61@example.com,pass61,123-456-781,1
62,user62,FirstName62,LastName62,user62@example.com,pass62,123-456-782,2
63,user63,FirstName63,LastName63,user63@example.com,pass63,123-456-783,3
64,user64,FirstName64,LastName64,user64@example.com,pass64,123-456-784,4
65,user65,FirstName65,LastName65,user65@example.com,pass65,123-456-785,0
66,user66,FirstName66,LastName66,user66@example.com,pass66,123-456-786,1
67,user67,FirstName67,LastName67,user67@example.com,pass67,123-456-787,2
68,user68,FirstName68,LastName68,user68@example.com,pass68,123-456-788,3
69,user69,FirstName69,LastName69,user69@example.com,pass69,123-456-789,4
70,user70,FirstName70,LastName70,user70@example.com,pass70,123-456-780,0
71,user71,FirstName71,LastName71,user71@example.com,pass71,123-456-781,1
72,user72,FirstName72,LastName72,user72@example.com,pass72,123-456-782,2
73,user73,FirstName73,LastName73,user73@example.com,pass73,123-456-783,3
74,user74,FirstName74,LastName74,user74@example.com,pass74,123-456-784,4
75,user75,FirstName75,LastName75,user75@example.com,pass75,123-456-785,0
76,user76,FirstName76,LastName76,user76@example.com,pass76,123-456-786,1
77,user77,FirstName77,LastName77,user77@example.com,pass77,123-456-787,2
78,user78,FirstName78,LastName78,user78@example.com,pass78,123-456-788,3
79,user79,FirstName79,LastName79,user79@example.com,pass79,123-456-789,4
80,user80,FirstName80,LastName80,user80@example.com,pass80,123-456-780,0
81,user81,FirstName81,LastName81,user81@example.com,pass81,123-456-781,1
82,user82,FirstName82,LastName82,user82@example.com,pass82,123-456-782,2
83,user83,FirstName83,LastName83,user83@example.com,pass83,123-456-783,3
84,user84,FirstName84,LastName84,user84@example.com,pass84,123-456-784,4
85,user85,FirstName85,LastName85,user85@example.com,pass85,123-456-785,0
86,user86,FirstName86,LastName86,user86@example.com,pass86,123-456-786,1
87,user87,FirstName87,LastName87,user87@example.com,pass87,123-456-787,2
88,user88,FirstName88,LastName88,user88@example.com,pass88,123-456-788,3
89,user89,FirstName89,LastName89,user89@example.com,pass89,123-456-789,4
90,user90,FirstName90,LastName90,user90@example.com,pass90,123-456-780,0
91,user91,FirstName91,LastName91,user91@example.com,pass91,123-456-781,1
92,user92,FirstName92,LastName92,user92@example.com,pass92,123-456-782,2
93,user93,FirstName93,LastName93,user93@example.com,pass93,123-456-783,3
94,user94,FirstName94,LastName94,user94@example.com,pass94,123-456-784,4
95,user95,FirstName95,LastName95,user95@example.com,pass95,123-456-785,0
96,user96,FirstName96,LastName96,user96@example.com,pass96,123-456-786,1
97,user97,FirstName97,LastName97,user97@example.com,pass97,123-456-787,2
98,user98,FirstName98,LastName98,user98@example.com,pass98,123-456-788,3
99,user99,FirstName99,LastName99,user99@example.com,pass99,123-456-789,4
100,user100,FirstName100,LastName100,user100@example.com,pass100,123-456-780,0
101,user101,FirstName101,LastName101,user101@example.com,pass101,123-456-781,1
102,user102,FirstName102,LastName102,user102@example.com,pass102,123-456-782,2
103,user103,FirstName103,LastName103,user103@example.com,pass103,123-456-783,3
104,user104,FirstName104,LastName104,user104@example.com,pass104,123-456-784,4
105,user105,FirstName105,LastName105,user105@example.com,pass105,123-456-785,0
106,user106,FirstName106,LastName106,user106@example.com,pass106,123-456-786,1
107,user107,FirstName107,LastName107,user107@example.com,pass107,123-456-787,2
108,user108,FirstName108,LastName108,user108@example.com,pass108,123-456-788,3
109,user109,FirstName109,LastName109,user109@example.com,pass109,123-456-789,4
110,user110,FirstName110,LastName110,user110@example.com,pass110,123-456-780,0
111,user111,FirstName111,LastName111,user111@example.com,pass111,123-456-781,1
112,user112,FirstName112,LastName112,user112@example.com,pass112,123-456-782,2
113,user113,FirstName113,LastName113,user113@example.com,pass113,123-456-783,3
114,user114,FirstName114,LastName114,user114@example.com,pass114,123-456-784,4
115,user115,FirstName115,LastName115,user115@example.com,pass115,123-456-785,0
116,user116,FirstName116,LastName116,user116@example.com,pass116,123-456-786,1
117,user117,FirstName117,LastName117,user117@example.com,pass117,123-456-787,2
118,user118,FirstName118,LastName118,user118@example.com,pass118,123-456-788,3
119,user119,FirstName119,LastName119,user119@example.com,pass119,123-456-789,4
120,user120,FirstName120,LastName120,user120@example.com,pass120,123-456-780,0
121,user121,FirstName121,LastName121,user121@example.com,pass121,123-456-781,1
122,user122,FirstName122,LastName122,user122@example.com,pass122,123-456-782,2
123,user123,FirstName123,LastName123,user123@example.com,pass123,123-456-783,3
124,user124,FirstName124,LastName124,user124@example.com,pass124,123-456-784,4
125,user125,FirstName125,LastName125,user125@example.com,pass125,123-456-785,0
126,user126,FirstName126,LastName126,user126@example.com,pass126,123-456-786,1
127,user127,FirstName127,LastName127,user127@example.com,pass127,123-456-787,2
128,user128,FirstName128,LastName128,user128@example.com,pass128,123-456-788,3
129,user129,FirstName129,LastName129,user129@example.com,pass129,123-456-789,4
130,user130,FirstName130,LastName130,user130@example.com,pass130,123-456-780,0
131,user131,FirstName131,LastName131,user131@example.com,pass131,123-456-781,1
132,user132,FirstName132,LastName132,user132@example.com,pass132,123-456-782,2
133,user133,FirstName133,LastName133,user133@example.com,pass133,123-456-783,3
134,user134,FirstName134,LastName134,user134@example.com,pass134,123-456-784,4
135,user135,FirstName135,LastName135,user135@example.com,pass135,123-456-785,0
136,user136,FirstName136,LastName136,user136@example.com,pass136,123-456-786,1
137,user137,FirstName137,LastName137,user137@example.com,pass137,123-456-787,2
138,user138,FirstName138,LastName138,user138@example.com,pass138,123-456-788,3
139,user139,FirstName139,LastName139,user139@example.com,pass139,123-456-789,4
140,user140,FirstName140,LastName140,user140@example.com,pass140,123-456-780,0
141,user141,FirstName141,LastName141,user141@example.com,pass141,123-456-781,1
142,user142,FirstName142,LastName142,user142@example.com,pass142,123-456-782,2
143,user143,FirstName143,LastName143,user143@example.com,pass143,123-456-783,3
144,user144,FirstName144,LastName144,user144@example.com,pass144,123-456-784,4
145,user145,FirstName145,LastName145,user145@example.com,pass145,123-456-785,0
146,user146,FirstName146,LastName146,user146@example.com,pass146,123-456-786,1
147,user147,FirstName147,LastName147,user147@example.com,pass147,123-456-787,2
148,user148,FirstName148,LastName148,user148@example.com,pass148,123-456-788,3
149,user149,FirstName149,LastName149,user149@example.com,pass149,123-456-789,4
150,user150,FirstName150,LastName150,user150@example.com,pass150,123-456-780,0
151,user151,FirstName151,LastName151,user151@example.com,pass151,123-456-781,1
152,user152,FirstName152,LastName152,user152@example.com,pass152,123-456-782,2
153,user153,FirstName153,LastName153,user153@example.com,pass153,123-456-783,3
154,user154,FirstName154,LastName154,user154@example.com,pass154,123-456-784,4
155,user155,FirstName155,LastName155,user155@example.com,pass155,123-456-785,0
156,user156,FirstName156,LastName156,user156@example.com,pass156,123-456-786,1
157,user157,FirstName157,LastName157,user157@example.com,pass157,123-456-787,2
158,user158,FirstName158,LastName158,user158@example.com,pass158,123-456-788,3
159,user159,FirstName159,LastName159,user159@example.com,pass159,123-456-789,4
160,user160,FirstName160,LastName160,user160@example.com,pass160,123-456-780,0
161,user161,FirstName161,LastName161,user161@example.com,pass161,123-456-781,1
162,user162,FirstName162,LastName162,user162@example.com,pass162,123-456-782,2
163,user163,FirstName163,LastName163,user163@example.com,pass163,123-456-783,3
164,user164,FirstName164,LastName164,user164@example.com,pass164,123-456-784,4
165,user165,FirstName165,LastName165,user165@example.com,pass165,123-456-785,0
166,user166,FirstName166,LastName166,user166@example.com,pass166,123-456-786,1
167,user167,FirstName167,LastName167,user167@example.com,pass167,123-456-787,2
168,user168,FirstName168,LastName168,user168@example.com,pass168,123-456-788,3
169,user169,FirstName169,LastName169,user169@example.com,pass169,123-456-789,4
170,user170,FirstName170,LastName170,user170@example.com,pass170,123-456-780,0
171,user171,FirstName171,LastName171,user171@example.com,pass171,123-456-781,1
172,user172,FirstName172,LastName172,user172@example.com,pass172,123-456-782,2
173,user173,FirstName173,LastName173,user173@example.com,pass173,123-456-783,3
174,user174,FirstName174,LastName174,user174@example.com,pass174,123-456-784,4
175,user175,FirstName175,LastName175,user175@example.com,pass175,123-456-785,0
176,user176,FirstName176,LastName176,user176@example.com,pass176,123-456-786,1
177,user177,FirstName177,LastName177,user177@example.com,pass177,123-456-787,2
178,user178,FirstName178,LastName178,user178@example.com,pass178,123-456-788,3
179,user179,FirstName179,LastName179,user179@example.com,pass179,123-456-789,4
180,user180,FirstName180,LastName180,user180@example.com,pass180,123-456-780,0
181,user181,FirstName181,LastName181,user181@example.com,pass181,123-456-781,1
182,user182,FirstName182,LastName182,user182@example.com,pass182,123-456-782,2
183,user183,FirstName183,LastName183,user183@example.com,pass183,123-456-783,3
184,user184,FirstName184,LastName184,user184@example.com,pass184,123-456-784,4
185,user185,FirstName185,LastName185,user185@example.com,pass185,123-456-785,0
186,user186,FirstName186,LastName186,user186@example.com,pass186,123-456-786,1
187,user187,FirstName187,LastName187,user187@example.com,pass187,123-456-787,2
188,user188,FirstName188,LastName188,user188@example.com,pass188,123-456-788,3
189,user189,FirstName189,LastName189,user189@example.com,pass189,123-456-789,4
190,user190,FirstName190,LastName190,user190@example.com,pass190,123-456-780,0
191,user191,FirstName191,LastName191,user191@example.com,pass191,123-456-781,1
192,user192,FirstName192,LastName192,user192@example.com,pass192,123-456-782,2
193,user193,FirstName193,LastName193,user193@example.com,pass193,123-456-783,3
194,user194,FirstName194,LastName194,user194@example.com,pass194,123-456-784,4
195,user195,FirstName195,LastName195,user195@example.com,pass195,123-456-785,0
196,user196,FirstName196,LastName196,user196@example.com,pass196,123-456-786,1
197,user197,FirstName197,LastName197,user197@example.com,pass197,123-456-787,2
198,user198,FirstName198,LastName198,user198@example.com,pass198,123-456-788,3
199,user199,FirstName199,LastName199,user199@example.com,pass199,123-456-789,4
200,user200,FirstName200,LastName200,user200@example.com,pass200,123-456-780,0
201,user201,FirstName201,LastName201,user201@example.com,pass201,123-456-781,1
202,user202,FirstName202,LastName202,user202@example.com,pass202,123-456-782,2
203,user203,FirstName203,LastName203,user203@example.com,pass203,123-456-783,3
204,user204,FirstName204,LastName204,user204@example.com,pass204,123-456-784,4
205,user205,FirstName205,LastName205,user205@example.com,pass205,123-456-785,0
206,user206,FirstName206,LastName206,user206@example.com,pass206,123-456-786,1
207,user207,FirstName207,LastName207,user207@example.com,pass207,123-456-787,2
208,user208,FirstName208,LastName208,user208@example.com,pass208,123-456-788,3
209,user209,FirstName209,LastName209,user209@example.com,pass209,123-456-789,4
210,user210,FirstName210,LastName210,user210@example.com,pass210,123-456-780,0
211,user211,FirstName211,LastName211,user211@example.com,pass211,123-456-781,1
212,user212,FirstName212,LastName212,user212@example.com,pass212,123-456-782,2
213,user213,FirstName213,LastName213,user213@example.com,pass213,123-456-783,3
214,user214,FirstName214,LastName214,user214@example.com,pass214,123-456-784,4
215,user215,FirstName215,LastName215,user215@example.com,pass215,123-456-785,0
216,user216,FirstName216,LastName216,user216@example.com,pass216,123-456-786,1
217,user217,FirstName217,LastName217,user217@example.com,pass217,123-456-787,2
218,user218,FirstName218,LastName218,user218@example.com,pass218,123-456-788,3
219,user219,FirstName219,LastName219,user219@example.com,pass219,123-456-789,4
220,user220,FirstName220,LastName220,user220@example.com,pass220,123-456-780,0
221,user221,FirstName221,LastName221,user221@example.com,pass221,123-456-781,1
222,user222,FirstName222,LastName222,user222@example.com,pass222,123-456-782,2
223,user223,FirstName223,LastName223,user223@example.com,pass223,123-456-783,3
224,user224,FirstName224,LastName224,user224@example.com,pass224,123-456-784,4
225,user225,FirstName225,LastName225,user225@example.com,pass225,123-456-785,0
226,user226,FirstName226,LastName226,user226@example.com,pass226,123-456-786,1
227,user227,FirstName227,LastName227,user227@example.com,pass227,123-456-787,2
228,user228,FirstName228,LastName228,user228@example.com,pass228,123-456-788,3
229,user229,FirstName229,LastName229,user229@example.com,pass229,123-456-789,4
230,user230,FirstName230,LastName230,user230@example.com,pass230,123-456-780,0
231,user231,FirstName231,LastName231,user231@example.com,pass231,123-456-781,1
232,user232,FirstName232,LastName232,user232@example.com,pass232,123-456-782,2
233,user233,FirstName233,LastName233,user233@example.com,pass233,123-456-783,3
234,user234,FirstName234,LastName234,user234@example.com,pass234,123-456-784,4
235,user235,FirstName235,LastName235,user235@example.com,pass235,123-456-785,0
236,user236,FirstName236,LastName236,user236@example.com,pass236,123-456-786,1
237,user237,FirstName237,LastName237,user237@example.com,pass237,123-456-787,2
238,user238,FirstName238,LastName238,user238@example.com,pass238,123-456-788,3
239,user239,FirstName239,LastName239,user239@example.com,pass239,123-456-789,4
240,user240,FirstName240,LastName240,user240@example.com,pass240,123-456-780,0
241,user241,FirstName241,LastName241,user241@example.com,pass241,123-456-781,1
242,user242,FirstName242,LastName242,user242@example.com,pass242,123-456-782,2
243,user243,FirstName243,LastName243,user243@example.com,pass243,123-456-783,3
244,user244,FirstName244,LastName244,user244@example.com,pass244,123-456-784,4
245,user245,FirstName245,LastName245,user245@example.com,pass245,123-456-785,0
246,user246,FirstName246,LastName246,user246@example.com,pass246,123-456-786,1
247,user247,FirstName247,LastName247,user247@example.com,pass247,123-456-787,2
248,user248,FirstName248,LastName248,user248@example.com,pass248,123-456-788,3
249,user249,FirstName249,LastName249,user249@example.com,pass249,123-456-789,4
250,user250,FirstName250,LastName250,user250@example.com,pass250,123-456-780,0
251,user251,FirstName251,LastName251,user251@example.com,pass251,123-456-781,1
252,user252,FirstName252,LastName252,user252@example.com,pass252,123-456-782,2
253,user253,FirstName253,LastName253,user253@example.com,pass253,123-456-783,3
254,user254,FirstName254,LastName254,user254@example.com,pass254,123-456-784,4
255,user255,FirstName255,LastName255,user255@example.com,pass255,123-456-785,0
256,user256,FirstName256,LastName256,user256@example.com,pass256,123-456-786,1
257,user257,FirstName257,LastName257,user257@example.com,pass257,123-456-787,2
258,user258,FirstName258,LastName258,user258@example.com,pass258,123-456-788,3
259,user259,FirstName259,LastName259,user259@example.com,pass259,123-456-789,4
260,user260,FirstName260,LastName260,user260@example.com,pass260,123-456-780,0
261,user261,FirstName261,LastName261,user261@example.com,pass261,123-456-781,1
262,user262,FirstName262,LastName262,user262@example.com,pass262,123-456-782,2
263,user263,FirstName263,LastName263,user263@example.com,pass263,123-456-783,3
264,user264,FirstName264,LastName264,user264@example.com,pass264,123-456-784,4
265,user265,FirstName265,LastName265,user265@example.com,pass265,123-456-785,0
266,user266,FirstName266,LastName266,user266@example.com,pass266,123-456-786,1
267,user267,FirstName267,LastName267,user267@example.com,pass267,123-456-787,2
268,user268,FirstName268,LastName268,user268@example.com,pass268,123-456-788,3
269,user269,FirstName269,LastName269,user269@example.com,pass269,123-456-789,4
270,user270,FirstName270,LastName270,user270@example.com,pass270,123-456-780,0
271,user271,FirstName271,LastName271,user271@example.com,pass271,123-456-781,1
272,user272,FirstName272,LastName272,user272@example.com,pass272,123-456-782,2
273,user273,FirstName273,LastName273,user273@example.com,pass273,123-456-783,3
274,user274,FirstName274,LastName274,user274@example.com,pass274,123-456-784,4
275,user275,FirstName275,LastName275,user275@example.com,pass275,123-456-785,0
276,user276,FirstName276,LastName276,user276@example.com,pass276,123-456-786,1
277,user277,FirstName277,LastName277,user277@example.com,pass277,123-456-787,2
278,user278,FirstName278,LastName278,user278@example.com,pass278,123-456-788,3
279,user279,FirstName279,LastName279,user279@example.com,pass279,123-456-789,4
280,user280,FirstName280,LastName280,user280@example.com,pass280,123-456-780,0
281,user281,FirstName281,LastName281,user281@example.com,pass281,123-456-781,1
282,user282,FirstName282,LastName282,user282@example.com,pass282,123-456-782,2
283,user283,FirstName283,LastName283,user283@example.com,pass283,123-456-783,3
284,user284,FirstName284,LastName284,user284@example.com,pass284,123-456-784,4
285,user285,FirstName285,LastName285,user285@example.com,pass285,123-456-785,0
286,user286,FirstName286,LastName286,user286@example.com,pass286,123-456-786,1
287,user287,FirstName287,LastName287,user287@example.com,pass287,123-456-787,2
288,user288,FirstName288,LastName288,user288@example.com,pass288,123-456-788,3
289,user289,FirstName289,LastName289,user289@example.com,pass289,123-456-789,4
290,user290,FirstName290,LastName290,user290@example.com,pass290,123-456-780,0
291,user291,FirstName291,LastName291,user291@example.com,pass291,123-456-781,1
292,user292,FirstName292,LastName292,user292@example.com,pass292,123-456-782,2
293,user293,FirstName293,LastName293,user293@example.com,pass293,123-456-783,3
294,user294,FirstName294,LastName294,user294@example.com,pass294,123-456-784,4
295,user295,FirstName295,LastName295,user295@example.com,pass295,123-456-785,0
296,user296,FirstName296,LastName296,user296@example.com,pass296,123-456-786,1
297,user297,FirstName297,LastName297,user297@example.com,pass297,123-456-787,2
298,user298,FirstName298,LastName298,user298@example.com,pass298,123-456-788,3
299,user299,FirstName299,LastName299,user299@example.com,pass299,123-456-789,4
300,user300,FirstName300,LastName300,user300@example.com,pass300,123-456-780,0
301,user301,FirstName301,LastName301,user301@example.com,pass301,123-456-781,1
302,user302,FirstName302,LastName302,user302@example.com,pass302,123-456-782,2
303,user303,FirstName303,LastName303,user303@example.com,pass303,123-456-783,3
304,user304,FirstName304,LastName304,user304@example.com,pass304,123-456-784,4
305,user305,FirstName305,LastName305,user305@example.com,pass305,123-456-785,0
306,user306,FirstName306,LastName306,user306@example.com,pass306,123-456-786,1
307,user307,FirstName307,LastName307,user307@example.com,pass307,123-456-787,2
308,user308,FirstName308,LastName308,user308@example.com,pass308,123-456-788,3
309,user309,FirstName309,LastName309,user309@example.com,pass309,123-456-789,4
310,user310,FirstName310,LastName310,user310@example.com,pass310,123-456-780,0
311,user311,FirstName311,LastName311,user311@example.com,pass311,123-456-781,1
312,user312,FirstName312,LastName312,user312@example.com,pass312,123-456-782,2
313,user313,FirstName313,LastName313,user313@example.com,pass313,123-456-783,3
314,user314,FirstName314,LastName314,user314@example.com,pass314,123-456-784,4
315,user315,FirstName315,LastName315,user315@example.com,pass315,123-456-785,0
316,user316,FirstName316,LastName316,user316@example.com,pass316,123-456-786,1
317,user317,FirstName317,LastName317,user317@example.com,pass317,123-456-787,2
318,user318,FirstName318,LastName318,user318@example.com,pass318,123-456-788,3
319,user319,FirstName319,LastName319,user319@example.com,pass319,123-456-789,4
320,user320,FirstName320,LastName320,user320@example.com,pass320,123-456-780,0
321,user321,FirstName321,LastName321,user321@example.com,pass321,123-456-781,1
322,user322,FirstName322,LastName322,user322@example.com,pass322,123-456-782,2
323,user323,FirstName323,LastName323,user323@example.com,pass323,123-456-783,3
324,user324,FirstName324,LastName324,user324@example.com,pass324,123-456-784,4
325,user325,FirstName325,LastName325,user325@example.com,pass325,123-456-785,0
326,user326,FirstName326,LastName326,user326@example.com,pass326,123-456-786,1
327,user327,FirstName327,LastName327,user327@example.com,pass327,123-456-787,2
328,user328,FirstName328,LastName328,user328@example.com,pass328,123-456-788,3
329,user329,FirstName329,LastName329,user329@example.com,pass329,123-456-789,4
330,user330,FirstName330,LastName330,user330@example.com,pass330,123-456-780,0
331,user331,FirstName331,LastName331,user331@example.com,pass331,123-456-781,1
332,user332,FirstName332,LastName332,user332@example.com,pass332,123-456-782,2
333,user333,FirstName333,LastName333,user333@example.com,pass333,123-456-783,3
334,user334,FirstName334,LastName334,user334@example.com,pass334,123-456-784,4
335,user335,FirstName335,LastName335,user335@example.com,pass335,123-456-785,0
336,user336,FirstName336,LastName336,user336@example.com,pass336,123-456-786,1
337,user337,FirstName337,LastName337,user337@example.com,pass337,123-456-787,2
338,user338,FirstName338,LastName338,user338@example.com,pass338,123-456-788,3
339,user339,FirstName339,LastName339,user339@example.com,pass339,123-456-789,4
340,user340,FirstName340,LastName340,user340@example.com,pass340,123-456-780,0
341,user341,FirstName341,LastName341,user341@example.com,pass341,123-456-781,1
342,user342,FirstName342,LastName342,user342@example.com,pass342,123-456-782,2
343,user343,FirstName343,LastName343,user343@example.com,pass343,123-456-783,3
344,user344,FirstName344,LastName344,user344@example.com,pass344,123-456-784,4
345,user345,FirstName345,LastName345,user345@example.com,pass345,123-456-785,0
346,user346,FirstName346,LastName346,user346@example.com,pass346,123-456-786,1
347,user347,FirstName347,LastName347,user347@example.com,pass347,123-456-787,2
348,user348,FirstName348,LastName348,user348@example.com,pass348,123-456-788,3
349,user349,FirstName349,LastName349,user349@example.com,pass349,123-456-789,4
350,user350,FirstName350,LastName350,user350@example.com,pass350,123-456-780,0
351,user351,FirstName351,LastName351,user351@example.com,pass351,123-456-781,1
352,user352,FirstName352,LastName352,user352@example.com,pass352,123-456-782,2
353,user353,FirstName353,LastName353,user353@example.com,pass353,123-456-783,3
354,user354,FirstName354,LastName354,user354@example.com,pass354,123-456-784,4
355,user355,FirstName355,LastName355,user355@example.com,pass355,123-456-785,0
356,user356,FirstName356,LastName356,user356@example.com,pass356,123-456-786,1
357,user357,FirstName357,LastName357,user357@example.com,pass357,123-456-787,2
358,user358,FirstName358,LastName358,user358@example.com,pass358,123-456-788,3
359,user359,FirstName359,LastName359,user359@example.com,pass359,123-456-789,4
360,user360,FirstName360,LastName360,user360@example.com,pass360,123-456-780,0
361,user361,FirstName361,LastName361,user361@example.com,pass361,123-456-781,1
362,user362,FirstName362,LastName362,user362@example.com,pass362,123-456-782,2
363,user363,FirstName363,LastName363,user363@example.com,pass363,123-456-783,3
364,user364,FirstName364,LastName364,user364@example.com,pass364,123-456-784,4
365,user365,FirstName365,LastName365,user365@example.com,pass365,123-456-785,0
366,user366,FirstName366,LastName366,user366@example.com,pass366,123-456-786,1
367,user367,FirstName367,LastName367,user367@example.com,pass367,123-456-787,2
368,user368,FirstName368,LastName368,user368@example.com,pass368,123-456-788,3
369,user369,FirstName369,LastName369,user369@example.com,pass369,123-456-789,4
370,user370,FirstName370,LastName370,user370@example.com,pass370,123-456-780,0
371,user371,FirstName371,LastName371,user371@example.com,pass371,123-456-781,1
372,user372,FirstName372,LastName372,user372@example.com,pass372,123-456-782,2
373,user373,FirstName373,LastName373,user373@example.com,pass373,123-456-783,3
374,user374,FirstName374,LastName374,user374@example.com,pass374,123-456-784,4
375,user375,FirstName375,LastName375,user375@example.com,pass375,123-456-785,0
376,user376,FirstName376,LastName376,user376@example.com,pass376,123-456-786,1
377,user377,FirstName377,LastName377,user377@example.com,pass377,123-456-787,2
378,user378,FirstName378,LastName378,user378@example.com,pass378,123-456-788,3
379,user379,FirstName379,LastName379,user379@example.com,pass379,123-456-789,4
380,user380,FirstName380,LastName380,user380@example.com,pass380,123-456-780,0
381,user381,FirstName381,LastName381,user381@example.com,pass381,123-456-781,1
382,user382,FirstName382,LastName382,user382@example.com,pass382,123-456-782,2
383,user383,FirstName383,LastName383,user383@example.com,pass383,123-456-783,3
384,user384,FirstName384,LastName384,user384@example.com,pass384,123-456-784,4
385,user385,FirstName385,LastName385,user385@example.com,pass385,123-456-785,0
386,user386,FirstName386,LastName386,user386@example.com,pass386,123-456-786,1
387,user387,FirstName387,LastName387,user387@example.com,pass387,123-456-787,2
388,user388,FirstName388,LastName388,user388@example.com,pass388,123-456-788,3
389,user389,FirstName389,LastName389,user389@example.com,pass389,123-456-789,4
390,user390,FirstName390,LastName390,user390@example.com,pass390,123-456-780,0
391,user391,FirstName391,LastName391,user391@example.com,pass391,123-456-781,1
392,user392,FirstName392,LastName392,user392@example.com,pass392,123-456-782,2
393,user393,FirstName393,LastName393,user393@example.com,pass393,123-456-783,3
394,user394,FirstName394,LastName394,user394@example.com,pass394,123-456-784,4
395,user395,FirstName395,LastName395,user395@example.com,pass395,123-456-785,0
396,user396,FirstName396,LastName396,user396@example.com,pass396,123-456-786,1
397,user397,FirstName397,LastName397,user397@example.com,pass397,123-456-787,2
398,user398,FirstName398,LastName398,user398@example.com,pass398,123-456-788,3
399,user399,FirstName399,LastName399,user399@example.com,pass399,123-456-789,4
400,user400,FirstName400,LastName400,user400@example.com,pass400,123-456-780,0
401,user401,FirstName401,LastName401,user401@example.com,pass401,123-456-781,1
402,user402,FirstName402,LastName402,user402@example.com,pass402,123-456-782,2
403,user403,FirstName403,LastName403,user403@example.com,pass403,123-456-783,3
404,user404,FirstName404,LastName404,user404@example.com,pass404,123-456-784,4
405,user405,FirstName405,LastName405,user405@example.com,pass405,123-456-785,0
406,user406,FirstName406,LastName406,user406@example.com,pass406,123-456-786,1
407,user407,FirstName407,LastName407,user407@example.com,pass407,123-456-787,2
408,user408,FirstName408,LastName408,user408@example.com,pass408,123-456-788,3
409,user409,FirstName409,LastName409,user409@example.com,pass409,123-456-789,4
410,user410,FirstName410,LastName410,user410@example.com,pass410,123-456-780,0
411,user411,FirstName411,LastName411,user411@example.com,pass411,123-456-781,1
412,user412,FirstName412,LastName412,user412@example.com,pass412,123-456-782,2
413,user413,FirstName413,LastName413,user413@example.com,pass413,123-456-783,3
414,user414,FirstName414,LastName414,user414@example.com,pass414,123-456-784,4
415,user415,FirstName415,LastName415,user415@example.com,pass415,123-456-785,0
416,user416,FirstName416,LastName416,user416@example.com,pass416,123-456-786,1
417,user417,FirstName417,LastName417,user417@example.com,pass417,123-456-787,2
418,user418,FirstName418,LastName418,user418@example.com,pass418,123-456-788,3
419,user419,FirstName419,LastName419,user419@example.com,pass419,123-456-789,4
420,user420,FirstName420,LastName420,user420@example.com,pass420,123-456-780,0
421,user421,FirstName421,LastName421,user421@example.com,pass421,123-456-781,1
422,user422,FirstName422,LastName422,user422@example.com,pass422,123-456-782,2
423,user423,FirstName423,LastName423,user423@example.com,pass423,123-456-783,3
424,user424,FirstName424,LastName424,user424@example.com,pass424,123-456-784,4
425,user425,FirstName425,LastName425,user425@example.com,pass425,123-456-785,0
426,user426,FirstName426,LastName426,user426@example.com,pass426,123-456-786,1
427,user427,FirstName427,LastName427,user427@example.com,pass427,123-456-787,2
428,user428,FirstName428,LastName428,user428@example.com,pass428,123-456-788,3
429,user429,FirstName429,LastName429,user429@example.com,pass429,123-456-789,4
430,user430,FirstName430,LastName430,user430@example.com,pass430,123-456-780,0
431,user431,FirstName431,LastName431,user431@example.com,pass431,123-456-781,1
432,user432,FirstName432,LastName432,user432@example.com,pass432,123-456-782,2
433,user433,FirstName433,LastName433,user433@example.com,pass433,123-456-783,3
434,user434,FirstName434,LastName434,user434@example.com,pass434,123-456-784,4
435,user435,FirstName435,LastName435,user435@example.com,pass435,123-456-785,0
436,user436,FirstName436,LastName436,user436@example.com,pass436,123-456-786,1
437,user437,FirstName437,LastName437,user437@example.com,pass437,123-456-787,2
438,user438,FirstName438,LastName438,user438@example.com,pass438,123-456-788,3
439,user439,FirstName439,LastName439,user439@example.com,pass439,123-456-789,4
440,user440,FirstName440,LastName440,user440@example.com,pass440,123-456-780,0
441,user441,FirstName441,LastName441,user441@example.com,pass441,123-456-781,1
442,user442,FirstName442,LastName442,user442@example.com,pass442,123-456-782,2
443,user443,FirstName443,LastName443,user443@example.com,pass443,123-456-783,3
444,user444,FirstName444,LastName444,user444@example.com,pass444,123-456-784,4
445,user445,FirstName445,LastName445,user445@example.com,pass445,123-456-785,0
446,user446,FirstName446,LastName446,user446@example.com,pass446,123-456-786,1
447,user447,FirstName447,LastName447,user447@example.com,pass447,123-456-787,2
448,user448,FirstName448,LastName448,user448@example.com,pass448,123-456-788,3
449,user449,FirstName449,LastName449,user449@example.com,pass449,123-456-789,4
450,user450,FirstName450,LastName450,user450@example.com,pass450,123-456-780,0
451,user451,FirstName451,LastName451,user451@example.com,pass451,123-456-781,1
452,user452,FirstName452,LastName452,user452@example.com,pass452,123-456-782,2
453,user453,FirstName453,LastName453,user453@example.com,pass453,123-456-783,3
454,user454,FirstName454,LastName454,user454@example.com,pass454,123-456-784,4
455,user455,FirstName455,LastName455,user455@example.com,pass455,123-456-785,0
456,user456,FirstName456,LastName456,user456@example.com,pass456,123-456-786,1
457,user457,FirstName457,LastName457,user457@example.com,pass457,123-456-787,2
458,user458,FirstName458,LastName458,user458@example.com,pass458,123-456-788,3
459,user459,FirstName459,LastName459,user459@example.com,pass459,123-456-789,4
460,user460,FirstName460,LastName460,user460@example.com,pass460,123-456-780,0
461,user461,FirstName461,LastName461,user461@example.com,pass461,123-456-781,1
462,user462,FirstName462,LastName462,user462@example.com,pass462,123-456-782,2
463,user463,FirstName463,LastName463,user463@example.com,pass463,123-456-783,3
464,user464,FirstName464,LastName464,user464@example.com,pass464,123-456-784,4
465,user465,FirstName465,LastName465,user465@example.com,pass465,123-456-785,0
466,user466,FirstName466,LastName466,user466@example.com,pass466,123-456-786,1
467,user467,FirstName467,LastName467,user467@example.com,pass467,123-456-787,2
468,user468,FirstName468,LastName468,user468@example.com,pass468,123-456-788,3
469,user469,FirstName469,LastName469,user469@example.com,pass469,123-456-789,4
470,user470,FirstName470,LastName470,user470@example.com,pass470,123-456-780,0
471,user471,FirstName471,LastName471,user471@example.com,pass471,123-456-781,1
472,user472,FirstName472,LastName472,user472@example.com,pass472,123-456-782,2
473,user473,FirstName473,LastName473,user473@example.com,pass473,123-456-783,3
474,user474,FirstName474,LastName474,user474@example.com,pass474,123-456-784,4
475,user475,FirstName475,LastName475,user475@example.com,pass475,123-456-785,0
476,user476,FirstName476,LastName476,user476@example.com,pass476,123-456-786,1
477,user477,FirstName477,LastName477,user477@example.com,pass477,123-456-787,2
478,user478,FirstName478,LastName478,user478@example.com,pass478,123-456-788,3
479,user479,FirstName479,LastName479,user479@example.com,pass479,123-456-789,4
480,user480,FirstName480,LastName480,user480@example.com,pass480,123-456-780,0
481,user481,FirstName481,LastName481,user481@example.com,pass481,123-456-781,1
482,user482,FirstName482,LastName482,user482@example.com,pass482,123-456-782,2
483,user483,FirstName483,LastName483,user483@example.com,pass483,123-456-783,3
484,user484,FirstName484,LastName484,user484@example.com,pass484,123-456-784,4
485,user485,FirstName485,LastName485,user485@example.com,pass485,123-456-785,0
486,user486,FirstName486,LastName486,user486@example.com,pass486,123-456-786,1
487,user487,FirstName487,LastName487,user487@example.com,pass487,123-456-787,2
488,user488,FirstName488,LastName488,user488@example.com,pass488,123-456-788,3
489,user489,FirstName489,LastName489,user489@example.com,pass489,123-456-789,4
490,user490,FirstName490,LastName490,user490@example.com,pass490,123-456-780,0
491,user491,FirstName491,LastName491,user491@example.com,pass491,123-456-781,1
492,user492,FirstName492,LastName492,user492@example.com,pass492,123-456-782,2
493,user493,FirstName493,LastName493,user493@example.com,pass493,123-456-783,3
494,user494,FirstName494,LastName494,user494@example.com,pass494,123-456-784,4
495,user495,FirstName495,LastName495,user495@example.com,pass495,123-456-785,0
496,user496,FirstName496,LastName496,user496@example.com,pass496,123-456-786,1
497,user497,FirstName497,LastName497,user497@example.com,pass497,123-456-787,2
498,user498,FirstName498,LastName498,user498@example.com,pass498,123-456-788,3
499,user499,FirstName499,LastName499,user499@example.com,pass499,123-456-789,4
500,user500,FirstName500,LastName500,user500@example.com,pass500,123-456-780,0
501,user501,FirstName501,LastName501,user501@example.com,pass501,123-456-781,1
502,user502,FirstName502,LastName502,user502@example.com,pass502,123-456-782,2
503,user503,FirstName503,LastName503,user503@example.com,pass503,123-456-783,3
504,user504,FirstName504,LastName504,user504@example.com,pass504,123-456-784,4
505,user505,FirstName505,LastName505,user505@example.com,pass505,123-456-785,0
506,user506,FirstName506,LastName506,user506@example.com,pass506,123-456-786,1
507,user507,FirstName507,LastName507,user507@example.com,pass507,123-456-787,2
508,user508,FirstName508,LastName508,user508@example.com,pass508,123-456-788,3
509,user509,FirstName509,LastName509,user509@example.com,pass509,123-456-789,4
510,user510,FirstName510,LastName510,user510@example.com,pass510,123-456-780,0
511,user511,FirstName511,LastName511,user511@example.com,pass511,123-456-781,1
512,user512,FirstName512,LastName512,user512@example.com,pass512,123-456-782,2
513,user513,FirstName513,LastName513,user513@example.com,pass513,123-456-783,3
514,user514,FirstName514,LastName514,user514@example.com,pass514,123-456-784,4
515,user515,FirstName515,LastName515,user515@example.com,pass515,123-456-785,0
516,user516,FirstName516,LastName516,user516@example.com,pass516,123-456-786,1
517,user517,FirstName517,LastName517,user517@example.com,pass517,123-456-787,2
518,user518,FirstName518,LastName518,user518@example.com,pass518,123-456-788,3
519,user519,FirstName519,LastName519,user519@example.com,pass519,123-456-789,4
520,user520,FirstName520,LastName520,user520@example.com,pass520,123-456-780,0
521,user521,FirstName521,LastName521,user521@example.com,pass521,123-456-781,1
522,user522,FirstName522,LastName522,user522@example.com,pass522,123-456-782,2
523,user523,FirstName523,LastName523,user523@example.com,pass523,123-456-783,3
524,user524,FirstName524,LastName524,user524@example.com,pass524,123-456-784,4
525,user525,FirstName525,LastName525,user525@example.com,pass525,123-456-785,0
526,user526,FirstName526,LastName526,user526@example.com,pass526,123-456-786,1
527,user527,FirstName527,LastName527,user527@example.com,pass527,123-456-787,2
528,user528,FirstName528,LastName528,user528@example.com,pass528,123-456-788,3
529,user529,FirstName529,LastName529,user529@example.com,pass529,123-456-789,4
530,user530,FirstName530,LastName530,user530@example.com,pass530,123-456-780,0
531,user531,FirstName531,LastName531,user531@example.com,pass531,123-456-781,1
532,user532,FirstName532,LastName532,user532@example.com,pass532,123-456-782,2
533,user533,FirstName533,LastName533,user533@example.com,pass533,123-456-783,3
534,user534,FirstName534,LastName534,user534@example.com,pass534,123-456-784,4
535,user535,FirstName535,LastName535,user535@example.com,pass535,123-456-785,0
536,user536,FirstName536,LastName536,user536@example.com,pass536,123-456-786,1
537,user537,FirstName537,LastName537,user537@example.com,pass537,123-456-787,2
538,user538,FirstName538,LastName538,user538@example.com,pass538,123-456-788,3
539,user539,FirstName539,LastName539,user539@example.com,pass539,123-456-789,4
540,user540,FirstName540,LastName540,user540@example.com,pass540,123-456-780,0
541,user541,FirstName541,LastName541,user541@example.com,pass541,123-456-781,1
542,user542,FirstName542,LastName542,user542@example.com,pass542,123-456-782,2
543,user543,FirstName543,LastName543,user543@example.com,pass543,123-456-783,3
544,user544,FirstName544,LastName544,user544@example.com,pass544,123-456-784,4
545,user545,FirstName545,LastName545,user545@example.com,pass545,123-456-785,0
546,user546,FirstName546,LastName546,user546@example.com,pass546,123-456-786,1
547,user547,FirstName547,LastName547,user547@example.com,pass547,123-456-787,2
548,user548,FirstName548,LastName548,user548@example.com,pass548,123-456-788,3
549,user549,FirstName549,LastName549,user549@example.com,pass549,123-456-789,4
550,user550,FirstName550,LastName550,user550@example.com,pass550,123-456-780,0
551,user551,FirstName551,LastName551,user551@example.com,pass551,123-456-781,1
552,user552,FirstName552,LastName552,user552@example.com,pass552,123-456-782,2
553,user553,FirstName553,LastName553,user553@example.com,pass553,123-456-783,3
554,user554,FirstName554,LastName554,user554@example.com,pass554,123-456-784,4
555,user555,FirstName555,LastName555,user555@example.com,pass555,123-456-785,0
556,user556,FirstName556,LastName556,user556@example.com,pass556,123-456-786,1
557,user557,FirstName557,LastName557,user557@example.com,pass557,123-456-787,2
558,user558,FirstName558,LastName558,user558@example.com,pass558,123-456-788,3
559,user559,FirstName559,LastName559,user559@example.com,pass559,123-456-789,4
560,user560,FirstName560,LastName560,user560@example.com,pass560,123-456-780,0
561,user561,FirstName561,LastName561,user561@example.com,pass561,123-456-781,1
562,user562,FirstName562,LastName562,user562@example.com,pass562,123-456-782,2
563,user563,FirstName563,LastName563,user563@example.com,pass563,123-456-783,3
564,user564,FirstName564,LastName564,user564@example.com,pass564,123-456-784,4
565,user565,FirstName565,LastName565,user565@example.com,pass565,123-456-785,0
566,user566,FirstName566,LastName566,user566@example.com,pass566,123-456-786,1
567,user567,FirstName567,LastName567,user567@example.com,pass567,123-456-787,2
568,user568,FirstName568,LastName568,user568@example.com,pass568,123-456-788,3
569,user569,FirstName569,LastName569,user569@example.com,pass569,123-456-789,4
570,user570,FirstName570,LastName570,user570@example.com,pass570,123-456-780,0
571,user571,FirstName571,LastName571,user571@example.com,pass571,123-456-781,1
572,user572,FirstName572,LastName572,user572@example.com,pass572,123-456-782,2
573,user573,FirstName573,LastName573,user573@example.com,pass573,123-456-783,3
574,user574,FirstName574,LastName574,user574@example.com,pass574,123-456-784,4
575,user575,FirstName575,LastName575,user575@example.com,pass575,123-456-785,0
576,user576,FirstName576,LastName576,user576@example.com,pass576,123-456-786,1
577,user577,FirstName577,LastName577,user577@example.com,pass577,123-456-787,2
578,user578,FirstName578,LastName578,user578@example.com,pass578,123-456-788,3
579,user579,FirstName579,LastName579,user579@example.com,pass579,123-456-789,4
580,user580,FirstName580,LastName580,user580@example.com,pass580,123-456-780,0
581,user581,FirstName581,LastName581,user581@example.com,pass581,123-456-781,1
582,user582,FirstName582,LastName582,user582@example.com,pass582,123-456-782,2
583,user583,FirstName583,LastName583,user583@example.com,pass583,123-456-783,3
584,user584,FirstName584,LastName584,user584@example.com,pass584,123-456-784,4
585,user585,FirstName585,LastName585,user585@example.com,pass585,123-456-785,0
586,user586,FirstName586,LastName586,user586@example.com,pass586,123-456-786,1
587,user587,FirstName587,LastName587,user587@example.com,pass587,123-456-787,2
588,user588,FirstName588,LastName588,user588@example.com,pass588,123-456-788,3
589,user589,FirstName589,LastName589,user589@example.com,pass589,123-456-789,4
590,user590,FirstName590,LastName590,user590@example.com,pass590,123-456-780,0
591,user591,FirstName591,LastName591,user591@example.com,pass591,123-456-781,1
592,user592,FirstName592,LastName592,user592@example.com,pass592,123-456-782,2
593,user593,FirstName593,LastName593,user593@example.com,pass593,123-456-783,3
594,user594,FirstName594,LastName594,user594@example.com,pass594,123-456-784,4
595,user595,FirstName595,LastName595,user595@example.com,pass595,123-456-785,0
596,user596,FirstName596,LastName596,user596@example.com,pass596,123-456-786,1
597,user597,FirstName597,LastName597,user597@example.com,pass597,123-456-787,2
598,user598,FirstName598,LastName598,user598@example.com,pass598,123-456-788,3
599,user599,FirstName599,LastName599,user599@example.com,pass599,123-456-789,4
600,user600,FirstName600,LastName600,user600@example.com,pass600,123-456-780,0
601,user601,FirstName601,LastName601,user601@example.com,pass601,123-456-781,1
602,user602,FirstName602,LastName602,user602@example.com,pass602,123-456-782,2
603,user603,FirstName603,LastName603,user603@example.com,pass603,123-456-783,3
604,user604,FirstName604,LastName604,user604@example.com,pass604,123-456-784,4
605,user605,FirstName605,LastName605,user605@example.com,pass605,123-456-785,0
606,user606,FirstName606,LastName606,user606@example.com,pass606,123-456-786,1
607,user607,FirstName607,LastName607,user607@example.com,pass607,123-456-787,2
608,user608,FirstName608,LastName608,user608@example.com,pass608,123-456-788,3
609,user609,FirstName609,LastName609,user609@example.com,pass609,123-456-789,4
610,user610,FirstName610,LastName610,user610@example.com,pass610,123-456-780,0
611,user611,FirstName611,LastName611,user611@example.com,pass611,123-456-781,1
612,user612,FirstName612,LastName612,user612@example.com,pass612,123-456-782,2
613,user613,FirstName613,LastName613,user613@example.com,pass613,123-456-783,3
614,user614,FirstName614,LastName614,user614@example.com,pass614,123-456-784,4
615,user615,FirstName615,LastName615,user615@example.com,pass615,123-456-785,0
616,user616,FirstName616,LastName616,user616@example.com,pass616,123-456-786,1
617,user617,FirstName617,LastName617,user617@example.com,pass617,123-456-787,2
618,user618,FirstName618,LastName618,user618@example.com,pass618,123-456-788,3
619,user619,FirstName619,LastName619,user619@example.com,pass619,123-456-789,4
620,user620,FirstName620,LastName620,user620@example.com,pass620,123-456-780,0
621,user621,FirstName621,LastName621,user621@example.com,pass621,123-456-781,1
622,user622,FirstName622,LastName622,user622@example.com,pass622,123-456-782,2
623,user623,FirstName623,LastName623,user623@example.com,pass623,123-456-783,3
624,user624,FirstName624,LastName624,user624@example.com,pass624,123-456-784,4
625,user625,FirstName625,LastName625,user625@example.com,pass625,123-456-785,0
626,user626,FirstName626,LastName626,user626@example.com,pass626,123-456-786,1
627,user627,FirstName627,LastName627,user627@example.com,pass627,123-456-787,2
628,user628,FirstName628,LastName628,user628@example.com,pass628,123-456-788,3
629,user629,FirstName629,LastName629,user629@example.com,pass629,123-456-789,4
630,user630,FirstName630,LastName630,user630@example.com,pass630,123-456-780,0
631,user631,FirstName631,LastName631,user631@example.com,pass631,123-456-781,1
632,user632,FirstName632,LastName632,user632@example.com,pass632,123-456-782,2
633,user633,FirstName633,LastName633,user633@example.com,pass633,123-456-783,3
634,user634,FirstName634,LastName634,user634@example.com,pass634,123-456-784,4
635,user635,FirstName635,LastName635,user635@example.com,pass635,123-456-785,0
636,user636,FirstName636,LastName636,user636@example.com,pass636,123-456-786,1
637,user637,FirstName637,LastName637,user637@example.com,pass637,123-456-787,2
638,user638,FirstName638,LastName638,user638@example.com,pass638,123-456-788,3
639,user639,FirstName639,LastName639,user639@example.com,pass639,123-456-789,4
640,user640,FirstName640,LastName640,user640@example.com,pass640,123-456-780,0
641,user641,FirstName641,LastName641,user641@example.com,pass641,123-456-781,1
642,user642,FirstName642,LastName642,user642@example.com,pass642,123-456-782,2
643,user643,FirstName643,LastName643,user643@example.com,pass643,123-456-783,3
644,user644,FirstName644,LastName644,user644@example.com,pass644,123-456-784,4
645,user645,FirstName645,LastName645,user645@example.com,pass645,123-456-785,0
646,user646,FirstName646,LastName646,user646@example.com,pass646,123-456-786,1
647,user647,FirstName647,LastName647,user647@example.com,pass647,123-456-787,2
648,user648,FirstName648,LastName648,user648@example.com,pass648,123-456-788,3
649,user649,FirstName649,LastName649,user649@example.com,pass649,123-456-789,4
650,user650,FirstName650,LastName650,user650@example.com,pass650,123-456-780,0
651,user651,FirstName651,LastName651,user651@example.com,pass651,123-456-781,1
652,user652,FirstName652,LastName652,user652@example.com,pass652,123-456-782,2
653,user653,FirstName653,LastName653,user653@example.com,pass653,123-456-783,3
654,user654,FirstName654,LastName654,user654@example.com,pass654,123-456-784,4
655,user655,FirstName655,LastName655,user655@example.com,pass655,123-456-785,0
656,user656,FirstName656,LastName656,user656@example.com,pass656,123-456-786,1
657,user657,FirstName657,LastName657,user657@example.com,pass657,123-456-787,2
658,user658,FirstName658,LastName658,user658@example.com,pass658,123-456-788,3
659,user659,FirstName659,LastName659,user659@example.com,pass659,123-456-789,4
660,user660,FirstName660,LastName660,user660@example.com,pass660,123-456-780,0
661,user661,FirstName661,LastName661,user661@example.com,pass661,123-456-781,1
662,user662,FirstName662,LastName662,user662@example.com,pass662,123-456-782,2
663,user663,FirstName663,LastName663,user663@example.com,pass663,123-456-783,3
664,user664,FirstName664,LastName664,user664@example.com,pass664,123-456-784,4
665,user665,FirstName665,LastName665,user665@example.com,pass665,123-456-785,0
666,user666,FirstName666,LastName666,user666@example.com,pass666,123-456-786,1
667,user667,FirstName667,LastName667,user667@example.com,pass667,123-456-787,2
668,user668,FirstName668,LastName668,user668@example.com,pass668,123-456-788,3
669,user669,FirstName669,LastName669,user669@example.com,pass669,123-456-789,4
670,user670,FirstName670,LastName670,user670@example.com,pass670,123-456-780,0
671,user671,FirstName671,LastName671,user671@example.com,pass671,123-456-781,1
672,user672,FirstName672,LastName672,user672@example.com,pass672,123-456-782,2
673,user673,FirstName673,LastName673,user673@example.com,pass673,123-456-783,3
674,user674,FirstName674,LastName674,user674@example.com,pass674,123-456-784,4
675,user675,FirstName675,LastName675,user675@example.com,pass675,123-456-785,0
676,user676,FirstName676,LastName676,user676@example.com,pass676,123-456-786,1
677,user677,FirstName677,LastName677,user677@example.com,pass677,123-456-787,2
678,user678,FirstName678,LastName678,user678@example.com,pass678,123-456-788,3
679,user679,FirstName679,LastName679,user679@example.com,pass679,123-456-789,4
680,user680,FirstName680,LastName680,user680@example.com,pass680,123-456-780,0
681,user681,FirstName681,LastName681,user681@example.com,pass681,123-456-781,1
682,user682,FirstName682,LastName682,user682@example.com,pass682,123-456-782,2
683,user683,FirstName683,LastName683,user683@example.com,pass683,123-456-783,3
684,user684,FirstName684,LastName684,user684@example.com,pass684,123-456-784,4
685,user685,FirstName685,LastName685,user685@example.com,pass685,123-456-785,0
686,user686,FirstName686,LastName686,user686@example.com,pass686,123-456-786,1
687,user687,FirstName687,LastName687,user687@example.com,pass687,123-456-787,2
688,user688,FirstName688,LastName688,user688@example.com,pass688,123-456-788,3
689,user689,FirstName689,LastName689,user689@example.com,pass689,123-456-789,4
690,user690,FirstName690,LastName690,user690@example.com,pass690,123-456-780,0
691,user691,FirstName691,LastName691,user691@example.com,pass691,123-456-781,1
692,user692,FirstName692,LastName692,user692@example.com,pass692,123-456-782,2
693,user693,FirstName693,LastName693,user693@example.com,pass693,123-456-783,3
694,user694,FirstName694,LastName694,user694@example.com,pass694,123-456-784,4
695,user695,FirstName695,LastName695,user695@example.com,pass695,123-456-785,0
696,user696,FirstName696,LastName696,user696@example.com,pass696,123-456-786,1
697,user697,FirstName697,LastName697,user697@example.com,pass697,123-456-787,2
698,user698,FirstName698,LastName698,user698@example.com,pass698,123-456-788,3
699,user699,FirstName699,LastName699,user699@example.com,pass699,123-456-789,4
700,user700,FirstName700,LastName700,user700@example.com,pass700,123-456-780,0
701,user701,FirstName701,LastName701,user701@example.com,pass701,123-456-781,1
702,user702,FirstName702,LastName702,user702@example.com,pass702,123-456-782,2
703,user703,FirstName703,LastName703,user703@example.com,pass703,123-456-783,3
704,user704,FirstName704,LastName704,user704@example.com,pass704,123-456-784,4
705,user705,FirstName705,LastName705,user705@example.com,pass705,123-456-785,0
706,user706,FirstName706,LastName706,user706@example.com,pass706,123-456-786,1
707,user707,FirstName707,LastName707,user707@example.com,pass707,123-456-787,2
708,user708,FirstName708,LastName708,user708@example.com,pass708,123-456-788,3
709,user709,FirstName709,LastName709,user709@example.com,pass709,123-456-789,4
710,user710,FirstName710,LastName710,user710@example.com,pass710,123-456-780,0
711,user711,FirstName711,LastName711,user711@example.com,pass711,123-456-781,1
712,user712,FirstName712,LastName712,user712@example.com,pass712,123-456-782,2
713,user713,FirstName713,LastName713,user713@example.com,pass713,123-456-783,3
714,user714,FirstName714,LastName714,user714@example.com,pass714,123-456-784,4
715,user715,FirstName715,LastName715,user715@example.com,pass715,123-456-785,0
716,user716,FirstName716,LastName716,user716@example.com,pass716,123-456-786,1
717,user717,FirstName717,LastName717,user717@example.com,pass717,123-456-787,2
718,user718,FirstName718,LastName718,user718@example.com,pass718,123-456-788,3
719,user719,FirstName719,LastName719,user719@example.com,pass719,123-456-789,4
720,user720,FirstName720,LastName720,user720@example.com,pass720,123-456-780,0
721,user721,FirstName721,LastName721,user721@example.com,pass721,123-456-781,1
722,user722,FirstName722,LastName722,user722@example.com,pass722,123-456-782,2
723,user723,FirstName723,LastName723,user723@example.com,pass723,123-456-783,3
724,user724,FirstName724,LastName724,user724@example.com,pass724,123-456-784,4
725,user725,FirstName725,LastName725,user725@example.com,pass725,123-456-785,0
726,user726,FirstName726,LastName726,user726@example.com,pass726,123-456-786,1
727,user727,FirstName727,LastName727,user727@example.com,pass727,123-456-787,2
728,user728,FirstName728,LastName728,user728@example.com,pass728,123-456-788,3
729,user729,FirstName729,LastName729,user729@example.com,pass729,123-456-789,4
730,user730,FirstName730,LastName730,user730@example.com,pass730,123-456-780,0
731,user731,FirstName731,LastName731,user731@example.com,pass731,123-456-781,1
732,user732,FirstName732,LastName732,user732@example.com,pass732,123-456-782,2
733,user733,FirstName733,LastName733,user733@example.com,pass733,123-456-783,3
734,user734,FirstName734,LastName734,user734@example.com,pass734,123-456-784,4
735,user735,FirstName735,LastName735,user735@example.com,pass735,123-456-785,0
736,user736,FirstName736,LastName736,user736@example.com,pass736,123-456-786,1
737,user737,FirstName737,LastName737,user737@example.com,pass737,123-456-787,2
738,user738,FirstName738,LastName738,user738@example.com,pass738,123-456-788,3
739,user739,FirstName739,LastName739,user739@example.com,pass739,123-456-789,4
740,user740,FirstName740,LastName740,user740@example.com,pass740,123-456-780,0
741,user741,FirstName741,LastName741,user741@example.com,pass741,123-456-781,1
742,user742,FirstName742,LastName742,user742@example.com,pass742,123-456-782,2
743,user743,FirstName743,LastName743,user743@example.com,pass743,123-456-783,3
744,user744,FirstName744,LastName744,user744@example.com,pass744,123-456-784,4
745,user745,FirstName745,LastName745,user745@example.com,pass745,123-456-785,0
746,user746,FirstName746,LastName746,user746@example.com,pass746,123-456-786,1
747,user747,FirstName747,LastName747,user747@example.com,pass747,123-456-787,2
748,user748,FirstName748,LastName748,user748@example.com,pass748,123-456-788,3
749,user749,FirstName749,LastName749,user749@example.com,pass749,123-456-789,4
750,user750,FirstName750,LastName750,user750@example.com,pass750,123-456-780,0
751,user751,FirstName751,LastName751,user751@example.com,pass751,123-456-781,1
752,user752,FirstName752,LastName752,user752@example.com,pass752,123-456-782,2
753,user753,FirstName753,LastName753,user753@example.com,pass753,123-456-783,3
754,user754,FirstName754,LastName754,user754@example.com,pass754,123-456-784,4
755,user755,FirstName755,LastName755,user755@example.com,pass755,123-456-785,0
756,user756,FirstName756,LastName756,user756@example.com,pass756,123-456-786,1
757,user757,FirstName757,LastName757,user757@example.com,pass757,123-456-787,2
758,user758,FirstName758,LastName758,user758@example.com,pass758,123-456-788,3
759,user759,FirstName759,LastName759,user759@example.com,pass759,123-456-789,4
760,user760,FirstName760,LastName760,user760@example.com,pass760,123-456-780,0
761,user761,FirstName761,LastName761,user761@example.com,pass761,123-456-781,1
762,user762,FirstName762,LastName762,user762@example.com,pass762,123-456-782,2
763,user763,FirstName763,LastName763,user763@example.com,pass763,123-456-783,3
764,user764,FirstName764,LastName764,user764@example.com,pass764,123-456-784,4
765,user765,FirstName765,LastName765,user765@example.com,pass765,123-456-785,0
766,user766,FirstName766,LastName766,user766@example.com,pass766,123-456-786,1
767,user767,FirstName767,LastName767,user767@example.com,pass767,123-456-787,2
768,user768,FirstName768,LastName768,user768@example.com,pass768,123-456-788,3
769,user769,FirstName769,LastName769,user769@example.com,pass769,123-456-789,4
770,user770,FirstName770,LastName770,user770@example.com,pass770,123-456-780,0
771,user771,FirstName771,LastName771,user771@example.com,pass771,123-456-781,1
772,user772,FirstName772,LastName772,user772@example.com,pass772,123-456-782,2
773,user773,FirstName773,LastName773,user773@example.com,pass773,123-456-783,3
774,user774,FirstName774,LastName774,user774@example.com,pass774,123-456-784,4
775,user775,FirstName775,LastName775,user775@example.com,pass775,123-456-785,0
776,user776,FirstName776,LastName776,user776@example.com,pass776,123-456-786,1
777,user777,FirstName777,LastName777,user777@example.com,pass777,123-456-787,2
778,user778,FirstName778,LastName778,user778@example.com,pass778,123-456-788,3
779,user779,FirstName779,LastName779,user779@example.com,pass779,123-456-789,4
780,user780,FirstName780,LastName780,user780@example.com,pass780,123-456-780,0
781,user781,FirstName781,LastName781,user781@example.com,pass781,123-456-781,1
782,user782,FirstName782,LastName782,user782@example.com,pass782,123-456-782,2
783,user783,FirstName783,LastName783,user783@example.com,pass783,123-456-783,3
784,user784,FirstName784,LastName784,user784@example.com,pass784,123-456-784,4
785,user785,FirstName785,LastName785,user785@example.com,pass785,123-456-785,0
786,user786,FirstName786,LastName786,user786@example.com,pass786,123-456-786,1
787,user787,FirstName787,LastName787,user787@example.com,pass787,123-456-787,2
788,user788,FirstName788,LastName788,user788@example.com,pass788,123-456-788,3
789,user789,FirstName789,LastName789,user789@example.com,pass789,123-456-789,4
790,user790,FirstName790,LastName790,user790@example.com,pass790,123-456-780,0
791,user791,FirstName791,LastName791,user791@example.com,pass791,123-456-781,1
792,user792,FirstName792,LastName792,user792@example.com,pass792,123-456-782,2
793,user793,FirstName793,LastName793,user793@example.com,pass793,123-456-783,3
794,user794,FirstName794,LastName794,user794@example.com,pass794,123-456-784,4
795,user795,FirstName795,LastName795,user795@example.com,pass795,123-456-785,0
796,user796,FirstName796,LastName796,user796@example.com,pass796,123-456-786,1
797,user797,FirstName797,LastName797,user797@example.com,pass797,123-456-787,2
798,user798,FirstName798,LastName798,user798@example.com,pass798,123-456-788,3
799,user799,FirstName799,LastName799,user799@example.com,pass799,123-456-789,4
800,user800,FirstName800,LastName800,user800@example.com,pass800,123-456-780,0
801,user801,FirstName801,LastName801,user801@example.com,pass801,123-456-781,1
802,user802,FirstName802,LastName802,user802@example.com,pass802,123-456-782,2
803,user803,FirstName803,LastName803,user803@example.com,pass803,123-456-783,3
804,user804,FirstName804,LastName804,user804@example.com,pass804,123-456-784,4
805,user805,FirstName805,LastName805,user805@example.com,pass805,123-456-785,0
806,user806,FirstName806,LastName806,user806@example.com,pass806,123-456-786,1
807,user807,FirstName807,LastName807,user807@example.com,pass807,123-456-787,2
808,user808,FirstName808,LastName808,user808@example.com,pass808,123-456-788,3
809,user809,FirstName809,LastName809,user809@example.com,pass809,123-456-789,4
810,user810,FirstName810,LastName810,user810@example.com,pass810,123-456-780,0
811,user811,FirstName811,LastName811,user811@example.com,pass811,123-456-781,1
812,user812,FirstName812,LastName812,user812@example.com,pass812,123-456-782,2
813,user813,FirstName813,LastName813,user813@example.com,pass813,123-456-783,3
814,user814,FirstName814,LastName814,user814@example.com,pass814,123-456-784,4
815,user815,FirstName815,LastName815,user815@example.com,pass815,123-456-785,0
816,user816,FirstName816,LastName816,user816@example.com,pass816,123-456-786,1
817,user817,FirstName817,LastName817,user817@example.com,pass817,123-456-787,2
818,user818,FirstName818,LastName818,user818@example.com,pass818,123-456-788,3
819,user819,FirstName819,LastName819,user819@example.com,pass819,123-456-789,4
820,user820,FirstName820,LastName820,user820@example.com,pass820,123-456-780,0
821,user821,FirstName821,LastName821,user821@example.com,pass821,123-456-781,1
822,user822,FirstName822,LastName822,user822@example.com,pass822,123-456-782,2
823,user823,FirstName823,LastName823,user823@example.com,pass823,123-456-783,3
824,user824,FirstName824,LastName824,user824@example.com,pass824,123-456-784,4
825,user825,FirstName825,LastName825,user825@example.com,pass825,123-456-785,0
826,user826,FirstName826,LastName826,user826@example.com,pass826,123-456-786,1
827,user827,FirstName827,LastName827,user827@example.com,pass827,123-456-787,2
828,user828,FirstName828,LastName828,user828@example.com,pass828,123-456-788,3
829,user829,FirstName829,LastName829,user829@example.com,pass829,123-456-789,4
830,user830,FirstName830,LastName830,user830@example.com,pass830,123-456-780,0
831,user831,FirstName831,LastName831,user831@example.com,pass831,123-456-781,1
832,user832,FirstName832,LastName832,user832@example.com,pass832,123-456-782,2
833,user833,FirstName833,LastName833,user833@example.com,pass833,123-456-783,3
834,user834,FirstName834,LastName834,user834@example.com,pass834,123-456-784,4
835,user835,FirstName835,LastName835,user835@example.com,pass835,123-456-785,0
836,user836,FirstName836,LastName836,user836@example.com,pass836,123-456-786,1
837,user837,FirstName837,LastName837,user837@example.com,pass837,123-456-787,2
838,user838,FirstName838,LastName838,user838@example.com,pass838,123-456-788,3
839,user839,FirstName839,LastName839,user839@example.com,pass839,123-456-789,4
840,user840,FirstName840,LastName840,user840@example.com,pass840,123-456-780,0
841,user841,FirstName841,LastName841,user841@example.com,pass841,123-456-781,1
842,user842,FirstName842,LastName842,user842@example.com,pass842,123-456-782,2
843,user843,FirstName843,LastName843,user843@example.com,pass843,123-456-783,3
844,user844,FirstName844,LastName844,user844@example.com,pass844,123-456-784,4
845,user845,FirstName845,LastName845,user845@example.com,pass845,123-456-785,0
846,user846,FirstName846,LastName846,user846@example.com,pass846,123-456-786,1
847,user847,FirstName847,LastName847,user847@example.com,pass847,123-456-787,2
848,user848,FirstName848,LastName848,user848@example.com,pass848,123-456-788,3
849,user849,FirstName849,LastName849,user849@example.com,pass849,123-456-789,4
850,user850,FirstName850,LastName850,user850@example.com,pass850,123-456-780,0
851,user851,FirstName851,LastName851,user851@example.com,pass851,123-456-781,1
852,user852,FirstName852,LastName852,user852@example.com,pass852,123-456-782,2
853,user853,FirstName853,LastName853,user853@example.com,pass853,123-456-783,3
854,user854,FirstName854,LastName854,user854@example.com,pass854,123-456-784,4
855,user855,FirstName855,LastName855,user855@example.com,pass855,123-456-785,0
856,user856,FirstName856,LastName856,user856@example.com,pass856,123-456-786,1
857,user857,FirstName857,LastName857,user857@example.com,pass857,123-456-787,2
858,user858,FirstName858,LastName858,user858@example.com,pass858,123-456-788,3
859,user859,FirstName859,LastName859,user859@example.com,pass859,123-456-789,4
860,user860,FirstName860,LastName860,user860@example.com,pass860,123-456-780,0
861,user861,FirstName861,LastName861,user861@example.com,pass861,123-456-781,1
862,user862,FirstName862,LastName862,user862@example.com,pass862,123-456-782,2
863,user863,FirstName863,LastName863,user863@example.com,pass863,123-456-783,3
864,user864,FirstName864,LastName864,user864@example.com,pass864,123-456-784,4
865,user865,FirstName865,LastName865,user865@example.com,pass865,123-456-785,0
866,user866,FirstName866,LastName866,user866@example.com,pass866,123-456-786,1
867,user867,FirstName867,LastName867,user867@example.com,pass867,123-456-787,2
868,user868,FirstName868,LastName868,user868@example.com,pass868,123-456-788,3
869,user869,FirstName869,LastName869,user869@example.com,pass869,123-456-789,4
870,user870,FirstName870,LastName870,user870@example.com,pass870,123-456-780,0
871,user871,FirstName871,LastName871,user871@example.com,pass871,123-456-781,1
872,user872,FirstName872,LastName872,user872@example.com,pass872,123-456-782,2
873,user873,FirstName873,LastName873,user873@example.com,pass873,123-456-783,3
874,user874,FirstName874,LastName874,user874@example.com,pass874,123-456-784,4
875,user875,FirstName875,LastName875,user875@example.com,pass875,123-456-785,0
876,user876,FirstName876,LastName876,user876@example.com,pass876,123-456-786,1
877,user877,FirstName877,LastName877,user877@example.com,pass877,123-456-787,2
878,user878,FirstName878,LastName878,user878@example.com,pass878,123-456-788,3
879,user879,FirstName879,LastName879,user879@example.com,pass879,123-456-789,4
880,user880,FirstName880,LastName880,user880@example.com,pass880,123-456-780,0
881,user881,FirstName881,LastName881,user881@example.com,pass881,123-456-781,1
882,user882,FirstName882,LastName882,user882@example.com,pass882,123-456-782,2
883,user883,FirstName883,LastName883,user883@example.com,pass883,123-456-783,3
884,user884,FirstName884,LastName884,user884@example.com,pass884,123-456-784,4
885,user885,FirstName885,LastName885,user885@example.com,pass885,123-456-785,0
886,user886,FirstName886,LastName886,user886@example.com,pass886,123-456-786,1
887,user887,FirstName887,LastName887,user887@example.com,pass887,123-456-787,2
888,user888,FirstName888,LastName888,user888@example.com,pass888,123-456-788,3
889,user889,FirstName889,LastName889,user889@example.com,pass889,123-456-789,4
890,user890,FirstName890,LastName890,user890@example.com,pass890,123-456-780,0
891,user891,FirstName891,LastName891,user891@example.com,pass891,123-456-781,1
892,user892,FirstName892,LastName892,user892@example.com,pass892,123-456-782,2
893,user893,FirstName893,LastName893,user893@example.com,pass893,123-456-783,3
894,user894,FirstName894,LastName894,user894@example.com,pass894,123-456-784,4
895,user895,FirstName895,LastName895,user895@example.com,pass895,123-456-785,0
896,user896,FirstName896,LastName896,user896@example.com,pass896,123-456-786,1
897,user897,FirstName897,LastName897,user897@example.com,pass897,123-456-787,2
898,user898,FirstName898,LastName898,user898@example.com,pass898,123-456-788,3
899,user899,FirstName899,LastName899,user899@example.com,pass899,123-456-789,4
900,user900,FirstName900,LastName900,user900@example.com,pass900,123-456-780,0
901,user901,FirstName901,LastName901,user901@example.com,pass901,123-456-781,1
902,user902,FirstName902,LastName902,user902@example.com,pass902,123-456-782,2
903,user903,FirstName903,LastName903,user903@example.com,pass903,123-456-783,3
904,user904,FirstName904,LastName904,user904@example.com,pass904,123-456-784,4
905,user905,FirstName905,LastName905,user905@example.com,pass905,123-456-785,0
906,user906,FirstName906,LastName906,user906@example.com,pass906,123-456-786,1
907,user907,FirstName907,LastName907,user907@example.com,pass907,123-456-787,2
908,user908,FirstName908,LastName908,user908@example.com,pass908,123-456-788,3
909,user909,FirstName909,LastName909,user909@example.com,pass909,123-456-789,4
910,user910,FirstName910,LastName910,user910@example.com,pass910,123-456-780,0
911,user911,FirstName911,LastName911,user911@example.com,pass911,123-456-781,1
912,user912,FirstName912,LastName912,user912@example.com,pass912,123-456-782,2
913,user913,FirstName913,LastName913,user913@example.com,pass913,123-456-783,3
914,user914,FirstName914,LastName914,user914@example.com,pass914,123-456-784,4
915,user915,FirstName915,LastName915,user915@example.com,pass915,123-456-785,0
916,user916,FirstName916,LastName916,user916@example.com,pass916,123-456-786,1
917,user917,FirstName917,LastName917,user917@example.com,pass917,123-456-787,2
918,user918,FirstName918,LastName918,user918@example.com,pass918,123-456-788,3
919,user919,FirstName919,LastName919,user919@example.com,pass919,123-456-789,4
920,user920,FirstName920,LastName920,user920@example.com,pass920,123-456-780,0
921,user921,FirstName921,LastName921,user921@example.com,pass921,123-456-781,1
922,user922,FirstName922,LastName922,user922@example.com,pass922,123-456-782,2
923,user923,FirstName923,LastName923,user923@example.com,pass923,123-456-783,3
924,user924,FirstName924,LastName924,user924@example.com,pass924,123-456-784,4
925,user925,FirstName925,LastName925,user925@example.com,pass925,123-456-785,0
926,user926,FirstName926,LastName926,user926@example.com,pass926,123-456-786,1
927,user927,FirstName927,LastName927,user927@example.com,pass927,123-456-787,2
928,user928,FirstName928,LastName928,user928@example.com,pass928,123-456-788,3
929,user929,FirstName929,LastName929,user929@example.com,pass929,123-456-789,4
930,user930,FirstName930,LastName930,user930@example.com,pass930,123-456-780,0
931,user931,FirstName931,LastName931,user931@example.com,pass931,123-456-781,1
932,user932,FirstName932,LastName932,user932@example.com,pass932,123-456-782,2
933,user933,FirstName933,LastName933,user933@example.com,pass933,123-456-783,3
934,user934,FirstName934,LastName934,user934@example.com,pass934,123-456-784,4
935,user935,FirstName935,LastName935,user935@example.com,pass935,123-456-785,0
936,user936,FirstName936,LastName936,user936@example.com,pass936,123-456-786,1
937,user937,FirstName937,LastName937,user937@example.com,pass937,123-456-787,2
938,user938,FirstName938,LastName938,user938@example.com,pass938,123-456-788,3
939,user939,FirstName939,LastName939,user939@example.com,pass939,123-456-789,4
940,user940,FirstName940,LastName940,user940@example.com,pass940,123-456-780,0
941,user941,FirstName941,LastName941,user941@example.com,pass941,123-456-781,1
942,user942,FirstName942,LastName942,user942@example.com,pass942,123-456-782,2
943,user943,FirstName943,LastName943,user943@example.com,pass943,123-456-783,3
944,user944,FirstName944,LastName944,user944@example.com,pass944,123-456-784,4
945,user945,FirstName945,LastName945,user945@example.com,pass945,123-456-785,0
946,user946,FirstName946,LastName946,user946@example.com,pass946,123-456-786,1
947,user947,FirstName947,LastName947,user947@example.com,pass947,123-456-787,2
948,user948,FirstName948,LastName948,user948@example.com,pass948,123-456-788,3
949,user949,FirstName949,LastName949,user949@example.com,pass949,123-456-789,4
950,user950,FirstName950,LastName950,user950@example.com,pass950,123-456-780,0
951,user951,FirstName951,LastName951,user951@example.com,pass951,123-456-781,1
952,user952,FirstName952,LastName952,user952@example.com,pass952,123-456-782,2
953,user953,FirstName953,LastName953,user953@example.com,pass953,123-456-783,3
954,user954,FirstName954,LastName954,user954@example.com,pass954,123-456-784,4
955,user955,FirstName955,LastName955,user955@example.com,pass955,123-456-785,0
956,user956,FirstName956,LastName956,user956@example.com,pass956,123-456-786,1
957,user957,FirstName957,LastName957,user957@example.com,pass957,123-456-787,2
958,user958,FirstName958,LastName958,user958@example.com,pass958,123-456-788,3
959,user959,FirstName959,LastName959,user959@example.com,pass959,123-456-789,4
960,user960,FirstName960,LastName960,user960@example.com,pass960,123-456-780,0
961,user961,FirstName961,LastName961,user961@example.com,pass961,123-456-781,1
962,user962,FirstName962,LastName962,user962@example.com,pass962,123-456-782,2
963,user963,FirstName963,LastName963,user963@example.com,pass963,123-456-783,3
964,user964,FirstName964,LastName964,user964@example.com,pass964,123-456-784,4
965,user965,FirstName965,LastName965,user965@example.com,pass965,123-456-785,0
966,user966,FirstName966,LastName966,user966@example.com,pass966,123-456-786,1
967,user967,FirstName967,LastName967,user967@example.com,pass967,123-456-787,2
968,user968,FirstName968,LastName968,user968@example.com,pass968,123-456-788,3
969,user969,FirstName969,LastName969,user969@example.com,pass969,123-456-789,4
970,user970,FirstName970,LastName970,user970@example.com,pass970,123-456-780,0
971,user971,FirstName971,LastName971,user971@example.com,pass971,123-456-781,1
972,user972,FirstName972,LastName972,user972@example.com,pass972,123-456-782,2
973,user973,FirstName973,LastName973,user973@example.com,pass973,123-456-783,3
974,user974,FirstName974,LastName974,user974@example.com,pass974,123-456-784,4
975,user975,FirstName975,LastName975,user975@example.com,pass975,123-456-785,0
976,user976,FirstName976,LastName976,user976@example.com,pass976,123-456-786,1
977,user977,FirstName977,LastName977,user977@example.com,pass977,123-456-787,2
978,user978,FirstName978,LastName978,user978@example.com,pass978,123-456-788,3
979,user979,FirstName979,LastName979,user979@example.com,pass979,123-456-789,4
980,user980,FirstName980,LastName980,user980@example.com,pass980,123-456-780,0
981,user981,FirstName981,LastName981,user981@example.com,pass981,123-456-781,1
982,user982,FirstName982,LastName982,user982@example.com,pass982,123-456-782,2
983,user983,FirstName983,LastName983,user983@example.com,pass983,123-456-783,3
984,user984,FirstName984,LastName984,user984@example.com,pass984,123-456-784,4
985,user985,FirstName985,LastName985,user985@example.com,pass985,123-456-785,0
986,user986,FirstName986,LastName986,user986@example.com,pass986,123-456-786,1
987,user987,FirstName987,LastName987,user987@example.com,pass987,123-456-787,2
988,user988,FirstName988,LastName988,user988@example.com,pass988,123-456-788,3
989,user989,FirstName989,LastName989,user989@example.com,pass989,123-456-789,4
990,user990,FirstName990,LastName990,user990@example.com,pass990,123-456-780,0
991,user991,FirstName991,LastName991,user991@example.com,pass991,123-456-781,1
992,user992,FirstName992,LastName992,user992@example.com,pass992,123-456-782,2
993,user993,FirstName993,LastName993,user993@example.com,pass993,123-456-783,3
994,user994,FirstName994,LastName994,user994@example.com,pass994,123-456-784,4
995,user995,FirstName995,LastName995,user995@example.com,pass995,123-456-785,0
996,user996,FirstName996,LastName996,user996@example.com,pass996,123-456-786,1
997,user997,FirstName997,LastName997,user997@example.com,pass997,123-456-787,2
998,user998,FirstName998,LastName998,user998@example.com,pass998,123-456-788,3
999,user999,FirstName999,LastName999,user999@example.com,pass999,123-456-789,4
